epoch,lr,train_loss,train_acc,val_loss,val_acc,seconds
1,0.002,0.435503,0.841836,0.309443,0.8842,49.07
2,0.00195106,0.290639,0.8942,0.281771,0.891,48.89
3,0.00180902,0.252788,0.908673,0.230291,0.918,37.98
4,0.00158779,0.224055,0.918436,0.218059,0.9142,31.51
5,0.00130902,0.200183,0.926327,0.201776,0.9242,32.79
6,0.001,0.184792,0.9322,0.198324,0.9258,33.31
7,0.00069098,0.165155,0.938655,0.190634,0.9308,35.44
8,0.00041221,0.149756,0.944618,0.178673,0.9334,32.16
9,0.00019098,0.138031,0.949291,0.182007,0.9328,33.09
10,4.894e-05,0.13019,0.9516,0.177014,0.9366,32.29
